,DATO,PO_KODE,PO_NAVN,ARTSID,TRAFFIC_LIGHT,BEHFISK_STK,BIOMASSE_KG
54,2018-01-01,01,Svenskegrensen til Jæren,LAKS,green,6286393,7593363
55,2018-01-01,02,Ryfylket,LAKS,yellow,18591636,32775048
56,2018-01-01,03,Karmøy til Sotra,LAKS,red,44311636,97239721
58,2018-01-01,04,Nordhordland til Stadt,LAKS,red,37793696,73985062
60,2018-01-01,05,Stadt til Hustadvika,LAKS,yellow,13361104,30137021
62,2018-01-01,06,Nordmøre til Sør-Trøndelag,LAKS,green,62270219,135850100
64,2018-01-01,07,Nord-Trøndelag med Bindal,LAKS,yellow,26178801,55912394
65,2018-01-01,08,Helgeland til Bodø,LAKS,green,39795138,81806259
66,2018-01-01,09,Vestfjorden og Vesterålen,LAKS,green,29627359,44786026
68,2018-01-01,10,Andøya til Senja,LAKS,green,34478459,67439542
69,2018-01-01,11,Kvaløy til Loppa,LAKS,green,20684753,42136297
70,2018-01-01,12,Vest-Finnmark,LAKS,green,34214606,61461099
71,2018-01-01,13,Øst-Finnmark,LAKS,green,2254948,6422575
72,2018-02-01,01,Svenskegrensen til Jæren,LAKS,green,5699273,5137994
73,2018-02-01,02,Ryfylket,LAKS,yellow,17863887,32074114
74,2018-02-01,03,Karmøy til Sotra,LAKS,red,41542001,93439789
76,2018-02-01,04,Nordhordland til Stadt,LAKS,red,35241993,69833197
78,2018-02-01,05,Stadt til Hustadvika,LAKS,yellow,12546717,28905265
80,2018-02-01,06,Nordmøre til Sør-Trøndelag,LAKS,green,60450716,135116248
82,2018-02-01,07,Nord-Trøndelag med Bindal,LAKS,yellow,24280167,51916137
83,2018-02-01,08,Helgeland til Bodø,LAKS,green,39361365,82688287
84,2018-02-01,09,Vestfjorden og Vesterålen,LAKS,green,28281672,45215840
86,2018-02-01,10,Andøya til Senja,LAKS,green,33077595,66627762
87,2018-02-01,11,Kvaløy til Loppa,LAKS,green,20018287,42568364
88,2018-02-01,12,Vest-Finnmark,LAKS,green,32363051,57716683
89,2018-02-01,13,Øst-Finnmark,LAKS,green,1889454,4606692
90,2018-03-01,01,Svenskegrensen til Jæren,LAKS,green,5654524,5464255
91,2018-03-01,02,Ryfylket,LAKS,yellow,17325363,30893682
92,2018-03-01,03,Karmøy til Sotra,LAKS,red,46124525,88607481
94,2018-03-01,04,Nordhordland til Stadt,LAKS,red,33781489,62132041
96,2018-03-01,05,Stadt til Hustadvika,LAKS,yellow,12133450,28326180
98,2018-03-01,06,Nordmøre til Sør-Trøndelag,LAKS,green,65276906,130184273
100,2018-03-01,07,Nord-Trøndelag med Bindal,LAKS,yellow,22584309,49202461
101,2018-03-01,08,Helgeland til Bodø,LAKS,green,38090680,83970067
102,2018-03-01,09,Vestfjorden og Vesterålen,LAKS,green,27697571,46926271
104,2018-03-01,10,Andøya til Senja,LAKS,green,31842082,64303862
105,2018-03-01,11,Kvaløy til Loppa,LAKS,green,20484461,40823597
106,2018-03-01,12,Vest-Finnmark,LAKS,green,30108335,52086861
107,2018-03-01,13,Øst-Finnmark,LAKS,green,1641577,3235563
108,2018-04-01,01,Svenskegrensen til Jæren,LAKS,green,5951376,6198656
109,2018-04-01,02,Ryfylket,LAKS,yellow,17628366,28051671
110,2018-04-01,03,Karmøy til Sotra,LAKS,red,51139735,82543070
112,2018-04-01,04,Nordhordland til Stadt,LAKS,red,34440479,58399187
114,2018-04-01,05,Stadt til Hustadvika,LAKS,yellow,14308691,29546975
116,2018-04-01,06,Nordmøre til Sør-Trøndelag,LAKS,green,66392644,127783969
118,2018-04-01,07,Nord-Trøndelag med Bindal,LAKS,yellow,22601569,46944235
119,2018-04-01,08,Helgeland til Bodø,LAKS,green,37201506,84754166
120,2018-04-01,09,Vestfjorden og Vesterålen,LAKS,green,30185692,47037369
122,2018-04-01,10,Andøya til Senja,LAKS,green,29954485,55462285
123,2018-04-01,11,Kvaløy til Loppa,LAKS,green,20929740,38773567
124,2018-04-01,12,Vest-Finnmark,LAKS,green,29899708,48466149
125,2018-04-01,13,Øst-Finnmark,LAKS,green,1636245,3450197
126,2018-05-01,01,Svenskegrensen til Jæren,LAKS,green,5939326,7434386
127,2018-05-01,02,Ryfylket,LAKS,yellow,16029088,24518466
128,2018-05-01,03,Karmøy til Sotra,LAKS,red,51869074,89832441
130,2018-05-01,04,Nordhordland til Stadt,LAKS,red,35971213,57151156
132,2018-05-01,05,Stadt til Hustadvika,LAKS,yellow,17764925,28377478
134,2018-05-01,06,Nordmøre til Sør-Trøndelag,LAKS,green,71579450,135499143
136,2018-05-01,07,Nord-Trøndelag med Bindal,LAKS,yellow,28616831,46350117
137,2018-05-01,08,Helgeland til Bodø,LAKS,green,41233388,81244482
138,2018-05-01,09,Vestfjorden og Vesterålen,LAKS,green,35584048,45645890
140,2018-05-01,10,Andøya til Senja,LAKS,green,32081892,47322677
141,2018-05-01,11,Kvaløy til Loppa,LAKS,green,23295671,37394038
142,2018-05-01,12,Vest-Finnmark,LAKS,green,31565191,47575217
143,2018-05-01,13,Øst-Finnmark,LAKS,green,1631714,3710825
144,2018-06-01,01,Svenskegrensen til Jæren,LAKS,green,5839138,9293815
145,2018-06-01,02,Ryfylket,LAKS,yellow,14169704,21543098
146,2018-06-01,03,Karmøy til Sotra,LAKS,red,48993182,84742321
148,2018-06-01,04,Nordhordland til Stadt,LAKS,red,34439795,58947672
150,2018-06-01,05,Stadt til Hustadvika,LAKS,yellow,20275964,29282582
152,2018-06-01,06,Nordmøre til Sør-Trøndelag,LAKS,green,70176871,132638886
154,2018-06-01,07,Nord-Trøndelag med Bindal,LAKS,yellow,27150114,48300363
155,2018-06-01,08,Helgeland til Bodø,LAKS,green,41894725,80562063
156,2018-06-01,09,Vestfjorden og Vesterålen,LAKS,green,34518754,46109734
158,2018-06-01,10,Andøya til Senja,LAKS,green,33171761,45366798
159,2018-06-01,11,Kvaløy til Loppa,LAKS,green,24458897,39193778
160,2018-06-01,12,Vest-Finnmark,LAKS,green,33535653,47682890
161,2018-06-01,13,Øst-Finnmark,LAKS,green,2791290,4177241
162,2018-07-01,01,Svenskegrensen til Jæren,LAKS,green,5804744,11887400
163,2018-07-01,02,Ryfylket,LAKS,yellow,14140909,25714055
164,2018-07-01,03,Karmøy til Sotra,LAKS,red,48330591,81141555
166,2018-07-01,04,Nordhordland til Stadt,LAKS,red,30795332,57289692
168,2018-07-01,05,Stadt til Hustadvika,LAKS,yellow,20304130,31596863
170,2018-07-01,06,Nordmøre til Sør-Trøndelag,LAKS,green,67425161,124894183
172,2018-07-01,07,Nord-Trøndelag med Bindal,LAKS,yellow,29445908,49748533
173,2018-07-01,08,Helgeland til Bodø,LAKS,green,41050575,78215767
174,2018-07-01,09,Vestfjorden og Vesterålen,LAKS,green,35357943,52366582
176,2018-07-01,10,Andøya til Senja,LAKS,green,33037939,50462239
177,2018-07-01,11,Kvaløy til Loppa,LAKS,green,23036783,43437561
178,2018-07-01,12,Vest-Finnmark,LAKS,green,37721679,52484709
179,2018-07-01,13,Øst-Finnmark,LAKS,green,3289311,5104160
180,2018-08-01,01,Svenskegrensen til Jæren,LAKS,green,6139801,13835559
181,2018-08-01,02,Ryfylket,LAKS,yellow,19033293,33194015
182,2018-08-01,03,Karmøy til Sotra,LAKS,red,49944993,85095421
184,2018-08-01,04,Nordhordland til Stadt,LAKS,red,32270265,58211655
186,2018-08-01,05,Stadt til Hustadvika,LAKS,yellow,21006051,33908962
188,2018-08-01,06,Nordmøre til Sør-Trøndelag,LAKS,green,65845087,118349111
190,2018-08-01,07,Nord-Trøndelag med Bindal,LAKS,yellow,33588556,54597775
191,2018-08-01,08,Helgeland til Bodø,LAKS,green,41406482,70053012
192,2018-08-01,09,Vestfjorden og Vesterålen,LAKS,green,38655255,58051682
194,2018-08-01,10,Andøya til Senja,LAKS,green,38814328,59479394
195,2018-08-01,11,Kvaløy til Loppa,LAKS,green,25104562,48403272
196,2018-08-01,12,Vest-Finnmark,LAKS,green,38551601,56751633
197,2018-08-01,13,Øst-Finnmark,LAKS,green,3240759,5978933
198,2018-09-01,01,Svenskegrensen til Jæren,LAKS,green,5753811,15556761
199,2018-09-01,02,Ryfylket,LAKS,yellow,22249987,39675884
200,2018-09-01,03,Karmøy til Sotra,LAKS,red,54014333,94383458
202,2018-09-01,04,Nordhordland til Stadt,LAKS,red,36642774,63730895
204,2018-09-01,05,Stadt til Hustadvika,LAKS,yellow,20148472,34050300
206,2018-09-01,06,Nordmøre til Sør-Trøndelag,LAKS,green,70672736,130528411
208,2018-09-01,07,Nord-Trøndelag med Bindal,LAKS,yellow,36583453,53939699
209,2018-09-01,08,Helgeland til Bodø,LAKS,green,42208504,68815214
210,2018-09-01,09,Vestfjorden og Vesterålen,LAKS,green,37830594,58562565
212,2018-09-01,10,Andøya til Senja,LAKS,green,42884130,64580818
213,2018-09-01,11,Kvaløy til Loppa,LAKS,green,23539203,49057919
214,2018-09-01,12,Vest-Finnmark,LAKS,green,37468283,64039404
215,2018-09-01,13,Øst-Finnmark,LAKS,green,3107313,6847043
216,2018-10-01,01,Svenskegrensen til Jæren,LAKS,green,6877240,18282221
217,2018-10-01,02,Ryfylket,LAKS,yellow,25709927,43187146
218,2018-10-01,03,Karmøy til Sotra,LAKS,red,54023055,100692740
220,2018-10-01,04,Nordhordland til Stadt,LAKS,red,39076185,61697306
222,2018-10-01,05,Stadt til Hustadvika,LAKS,yellow,21368221,34505981
224,2018-10-01,06,Nordmøre til Sør-Trøndelag,LAKS,green,69368238,131149957
226,2018-10-01,07,Nord-Trøndelag med Bindal,LAKS,yellow,36588436,55126398
227,2018-10-01,08,Helgeland til Bodø,LAKS,green,44021934,75289480
228,2018-10-01,09,Vestfjorden og Vesterålen,LAKS,green,39914279,65118525
230,2018-10-01,10,Andøya til Senja,LAKS,green,42643378,66339176
231,2018-10-01,11,Kvaløy til Loppa,LAKS,green,22382208,45000627
232,2018-10-01,12,Vest-Finnmark,LAKS,green,39935389,65482488
233,2018-10-01,13,Øst-Finnmark,LAKS,green,2754551,6452298
234,2018-11-01,01,Svenskegrensen til Jæren,LAKS,green,7079567,18602008
235,2018-11-01,02,Ryfylket,LAKS,yellow,25958013,45478222
236,2018-11-01,03,Karmøy til Sotra,LAKS,red,50131899,102130290
238,2018-11-01,04,Nordhordland til Stadt,LAKS,red,39720189,65428500
240,2018-11-01,05,Stadt til Hustadvika,LAKS,yellow,20701942,37851112
242,2018-11-01,06,Nordmøre til Sør-Trøndelag,LAKS,green,62805101,120618161
244,2018-11-01,07,Nord-Trøndelag med Bindal,LAKS,yellow,35268683,60836066
245,2018-11-01,08,Helgeland til Bodø,LAKS,green,44063411,79608372
246,2018-11-01,09,Vestfjorden og Vesterålen,LAKS,green,38301854,68701995
248,2018-11-01,10,Andøya til Senja,LAKS,green,41559276,68303096
249,2018-11-01,11,Kvaløy til Loppa,LAKS,green,20497825,42345095
250,2018-11-01,12,Vest-Finnmark,LAKS,green,41047877,65532692
251,2018-11-01,13,Øst-Finnmark,LAKS,green,2279754,5004328
252,2018-12-01,01,Svenskegrensen til Jæren,LAKS,green,6297094,17330152
253,2018-12-01,02,Ryfylket,LAKS,yellow,24284478,44362744
254,2018-12-01,03,Karmøy til Sotra,LAKS,red,45936268,99849769
256,2018-12-01,04,Nordhordland til Stadt,LAKS,red,38028240,68501767
258,2018-12-01,05,Stadt til Hustadvika,LAKS,yellow,19556716,37247621
260,2018-12-01,06,Nordmøre til Sør-Trøndelag,LAKS,green,58893559,122047178
262,2018-12-01,07,Nord-Trøndelag med Bindal,LAKS,yellow,33458955,62896711
263,2018-12-01,08,Helgeland til Bodø,LAKS,green,45300829,82360734
264,2018-12-01,09,Vestfjorden og Vesterålen,LAKS,green,37477023,71708271
266,2018-12-01,10,Andøya til Senja,LAKS,green,41357384,71960078
267,2018-12-01,11,Kvaløy til Loppa,LAKS,green,20013506,40597506
268,2018-12-01,12,Vest-Finnmark,LAKS,green,40248599,66843139
269,2018-12-01,13,Øst-Finnmark,LAKS,green,2073136,4461574
270,2019-01-01,01,Svenskegrensen til Jæren,LAKS,green,6034221,18086410
271,2019-01-01,02,Ryfylket,LAKS,yellow,22835484,42468600
272,2019-01-01,03,Karmøy til Sotra,LAKS,red,41966473,94220820
274,2019-01-01,04,Nordhordland til Stadt,LAKS,red,36855615,67998044
276,2019-01-01,05,Stadt til Hustadvika,LAKS,yellow,20060058,39479107
278,2019-01-01,06,Nordmøre til Sør-Trøndelag,LAKS,green,54915063,111176856
280,2019-01-01,07,Nord-Trøndelag med Bindal,LAKS,yellow,31588342,63219421
281,2019-01-01,08,Helgeland til Bodø,LAKS,green,42312313,80426486
282,2019-01-01,09,Vestfjorden og Vesterålen,LAKS,green,38400715,75464335
284,2019-01-01,10,Andøya til Senja,LAKS,green,39260329,72786995
285,2019-01-01,11,Kvaløy til Loppa,LAKS,green,19060462,39233182
286,2019-01-01,12,Vest-Finnmark,LAKS,green,38543785,65751970
287,2019-01-01,13,Øst-Finnmark,LAKS,green,1675224,2668449
288,2019-02-01,01,Svenskegrensen til Jæren,LAKS,green,5314235,15969423
289,2019-02-01,02,Ryfylket,LAKS,yellow,21448582,39915849
290,2019-02-01,03,Karmøy til Sotra,LAKS,red,39440356,90953764
292,2019-02-01,04,Nordhordland til Stadt,LAKS,red,34278543,61808132
294,2019-02-01,05,Stadt til Hustadvika,LAKS,yellow,20636725,43114202
296,2019-02-01,06,Nordmøre til Sør-Trøndelag,LAKS,green,51415820,104392336
298,2019-02-01,07,Nord-Trøndelag med Bindal,LAKS,yellow,30474293,65904735
299,2019-02-01,08,Helgeland til Bodø,LAKS,green,39820607,77298566
300,2019-02-01,09,Vestfjorden og Vesterålen,LAKS,green,36415213,74190112
302,2019-02-01,10,Andøya til Senja,LAKS,green,37064588,70338744
304,2019-02-01,11,Kvaløy til Loppa,LAKS,green,17898501,36057348
305,2019-02-01,12,Vest-Finnmark,LAKS,green,37198097,65438631
306,2019-02-01,13,Øst-Finnmark,LAKS,green,1480528,1854359
307,2019-03-01,01,Svenskegrensen til Jæren,LAKS,green,4312543,11803358
308,2019-03-01,02,Ryfylket,LAKS,yellow,20940281,37831880
309,2019-03-01,03,Karmøy til Sotra,LAKS,red,42892525,87567314
311,2019-03-01,04,Nordhordland til Stadt,LAKS,red,33494927,58123592
313,2019-03-01,05,Stadt til Hustadvika,LAKS,yellow,20126537,45548871
315,2019-03-01,06,Nordmøre til Sør-Trøndelag,LAKS,green,51864499,105640754
317,2019-03-01,07,Nord-Trøndelag med Bindal,LAKS,yellow,27797441,62991965
318,2019-03-01,08,Helgeland til Bodø,LAKS,green,37128880,73704416
319,2019-03-01,09,Vestfjorden og Vesterålen,LAKS,green,34222340,72142843
321,2019-03-01,10,Andøya til Senja,LAKS,green,34988684,66503209
323,2019-03-01,11,Kvaløy til Loppa,LAKS,green,17146717,35570359
324,2019-03-01,12,Vest-Finnmark,LAKS,green,35528039,64449493
325,2019-03-01,13,Øst-Finnmark,LAKS,green,1440272,1934641
326,2019-04-01,01,Svenskegrensen til Jæren,LAKS,green,3717205,9469800
327,2019-04-01,02,Ryfylket,LAKS,yellow,21818220,32176785
328,2019-04-01,03,Karmøy til Sotra,LAKS,red,48505386,84045189
330,2019-04-01,04,Nordhordland til Stadt,LAKS,red,41121723,55291902
332,2019-04-01,05,Stadt til Hustadvika,LAKS,yellow,21870609,49656431
334,2019-04-01,06,Nordmøre til Sør-Trøndelag,LAKS,green,59722128,105172228
336,2019-04-01,07,Nord-Trøndelag med Bindal,LAKS,yellow,29376539,64329446
337,2019-04-01,08,Helgeland til Bodø,LAKS,green,37760577,70004949
338,2019-04-01,09,Vestfjorden og Vesterålen,LAKS,green,32495489,68814937
340,2019-04-01,10,Andøya til Senja,LAKS,green,35685693,62211969
342,2019-04-01,11,Kvaløy til Loppa,LAKS,green,17756277,35100353
343,2019-04-01,12,Vest-Finnmark,LAKS,green,36990811,64714168
344,2019-04-01,13,Øst-Finnmark,LAKS,green,1422735,2014523
345,2019-05-01,01,Svenskegrensen til Jæren,LAKS,green,2734094,4385967
346,2019-05-01,02,Ryfylket,LAKS,yellow,21558319,31313477
347,2019-05-01,03,Karmøy til Sotra,LAKS,red,49431630,86989741
349,2019-05-01,04,Nordhordland til Stadt,LAKS,red,40100592,55701859
351,2019-05-01,05,Stadt til Hustadvika,LAKS,yellow,20304476,48249481
353,2019-05-01,06,Nordmøre til Sør-Trøndelag,LAKS,green,58902533,104796093
355,2019-05-01,07,Nord-Trøndelag med Bindal,LAKS,yellow,33995641,64975266
356,2019-05-01,08,Helgeland til Bodø,LAKS,green,45229832,72366259
357,2019-05-01,09,Vestfjorden og Vesterålen,LAKS,green,31608029,58970831
359,2019-05-01,10,Andøya til Senja,LAKS,green,31266345,49153049
361,2019-05-01,11,Kvaløy til Loppa,LAKS,green,22480728,33987282
362,2019-05-01,12,Vest-Finnmark,LAKS,green,42328356,67785393
363,2019-05-01,13,Øst-Finnmark,LAKS,green,3044109,2432830
364,2019-06-01,01,Svenskegrensen til Jæren,LAKS,green,2352825,2834365
365,2019-06-01,02,Ryfylket,LAKS,yellow,19963692,30254165
366,2019-06-01,03,Karmøy til Sotra,LAKS,red,47533556,88045083
368,2019-06-01,04,Nordhordland til Stadt,LAKS,red,39585660,58058353
370,2019-06-01,05,Stadt til Hustadvika,LAKS,yellow,22466070,50784747
372,2019-06-01,06,Nordmøre til Sør-Trøndelag,LAKS,green,61523010,104254247
374,2019-06-01,07,Nord-Trøndelag med Bindal,LAKS,yellow,31759858,64158659
375,2019-06-01,08,Helgeland til Bodø,LAKS,green,44436119,73421344
376,2019-06-01,09,Vestfjorden og Vesterålen,LAKS,green,33032055,61458171
378,2019-06-01,10,Andøya til Senja,LAKS,green,34074505,51600583
380,2019-06-01,11,Kvaløy til Loppa,LAKS,green,22574234,34768687
381,2019-06-01,12,Vest-Finnmark,LAKS,green,43125376,69349074
382,2019-06-01,13,Øst-Finnmark,LAKS,green,3708147,2706343
383,2019-07-01,01,Svenskegrensen til Jæren,LAKS,green,2738043,3892373
384,2019-07-01,02,Ryfylket,LAKS,yellow,20319343,37226404
385,2019-07-01,03,Karmøy til Sotra,LAKS,red,45045500,79426677
387,2019-07-01,04,Nordhordland til Stadt,LAKS,red,37749003,64024146
389,2019-07-01,05,Stadt til Hustadvika,LAKS,yellow,21120729,52385203
391,2019-07-01,06,Nordmøre til Sør-Trøndelag,LAKS,green,62436252,103684794
393,2019-07-01,07,Nord-Trøndelag med Bindal,LAKS,yellow,33545468,64456744
394,2019-07-01,08,Helgeland til Bodø,LAKS,green,41450087,76755264
395,2019-07-01,09,Vestfjorden og Vesterålen,LAKS,green,32885321,62219285
397,2019-07-01,10,Andøya til Senja,LAKS,green,33755490,58627628
399,2019-07-01,11,Kvaløy til Loppa,LAKS,green,21772361,38909982
400,2019-07-01,12,Vest-Finnmark,LAKS,green,44309918,73010590
401,2019-07-01,13,Øst-Finnmark,LAKS,green,4208172,3615425
402,2019-08-01,01,Svenskegrensen til Jæren,LAKS,green,4045142,5158223
403,2019-08-01,02,Ryfylket,LAKS,yellow,23778297,44846775
404,2019-08-01,03,Karmøy til Sotra,LAKS,red,44710740,78332941
406,2019-08-01,04,Nordhordland til Stadt,LAKS,red,39234410,74002845
408,2019-08-01,05,Stadt til Hustadvika,LAKS,yellow,19216775,51110697
410,2019-08-01,06,Nordmøre til Sør-Trøndelag,LAKS,green,64265808,107240164
412,2019-08-01,07,Nord-Trøndelag med Bindal,LAKS,yellow,35813368,66663498
413,2019-08-01,08,Helgeland til Bodø,LAKS,green,45497705,84507198
414,2019-08-01,09,Vestfjorden og Vesterålen,LAKS,green,35855928,55898273
416,2019-08-01,10,Andøya til Senja,LAKS,green,37794968,68239105
418,2019-08-01,11,Kvaløy til Loppa,LAKS,green,23028238,38753085
419,2019-08-01,12,Vest-Finnmark,LAKS,green,45651105,79133954
420,2019-08-01,13,Øst-Finnmark,LAKS,green,4296732,4984916
421,2019-09-01,01,Svenskegrensen til Jæren,LAKS,green,4489909,5335331
422,2019-09-01,02,Ryfylket,LAKS,yellow,26610800,52658784
423,2019-09-01,03,Karmøy til Sotra,LAKS,red,46633747,83802786
425,2019-09-01,04,Nordhordland til Stadt,LAKS,red,40964959,82329421
427,2019-09-01,05,Stadt til Hustadvika,LAKS,yellow,15847997,39346814
429,2019-09-01,06,Nordmøre til Sør-Trøndelag,LAKS,green,72429579,114793996
431,2019-09-01,07,Nord-Trøndelag med Bindal,LAKS,yellow,33508969,63632647
432,2019-09-01,08,Helgeland til Bodø,LAKS,green,48235240,89142662
433,2019-09-01,09,Vestfjorden og Vesterålen,LAKS,green,34795365,54788015
435,2019-09-01,10,Andøya til Senja,LAKS,green,40748978,73503786
437,2019-09-01,11,Kvaløy til Loppa,LAKS,green,21066906,35830921
438,2019-09-01,12,Vest-Finnmark,LAKS,green,42464957,81085267
439,2019-09-01,13,Øst-Finnmark,LAKS,green,4267257,6468103
440,2019-10-01,01,Svenskegrensen til Jæren,LAKS,green,6427361,6465845
441,2019-10-01,02,Ryfylket,LAKS,yellow,27142347,54344916
442,2019-10-01,03,Karmøy til Sotra,LAKS,red,51060186,91470009
444,2019-10-01,04,Nordhordland til Stadt,LAKS,red,42451853,81335598
446,2019-10-01,05,Stadt til Hustadvika,LAKS,yellow,14520132,28083023
448,2019-10-01,06,Nordmøre til Sør-Trøndelag,LAKS,green,72267460,121867743
450,2019-10-01,07,Nord-Trøndelag med Bindal,LAKS,yellow,30155195,58387326
451,2019-10-01,08,Helgeland til Bodø,LAKS,green,49316984,89382538
452,2019-10-01,09,Vestfjorden og Vesterålen,LAKS,green,36880981,53489014
454,2019-10-01,10,Andøya til Senja,LAKS,green,41490221,78757058
456,2019-10-01,11,Kvaløy til Loppa,LAKS,green,21422949,37973460
457,2019-10-01,12,Vest-Finnmark,LAKS,green,42836348,81039385
458,2019-10-01,13,Øst-Finnmark,LAKS,green,4212874,7910427
459,2019-11-01,01,Svenskegrensen til Jæren,LAKS,green,7455172,7627824
460,2019-11-01,02,Ryfylket,LAKS,yellow,25207035,48212608
461,2019-11-01,03,Karmøy til Sotra,LAKS,red,50705731,100173500
463,2019-11-01,04,Nordhordland til Stadt,LAKS,red,40359030,78601501
465,2019-11-01,05,Stadt til Hustadvika,LAKS,yellow,13366661,23766970
467,2019-11-01,06,Nordmøre til Sør-Trøndelag,LAKS,green,73010950,133013188
469,2019-11-01,07,Nord-Trøndelag med Bindal,LAKS,yellow,28068309,56199493
470,2019-11-01,08,Helgeland til Bodø,LAKS,green,46243887,88691885
471,2019-11-01,09,Vestfjorden og Vesterålen,LAKS,green,38736274,57723185
473,2019-11-01,10,Andøya til Senja,LAKS,green,40013893,77231823
475,2019-11-01,11,Kvaløy til Loppa,LAKS,green,21966977,38493117
476,2019-11-01,12,Vest-Finnmark,LAKS,green,42080566,76733645
477,2019-11-01,13,Øst-Finnmark,LAKS,green,3804440,6881776
478,2019-12-01,01,Svenskegrensen til Jæren,LAKS,green,7133430,7793459
479,2019-12-01,02,Ryfylket,LAKS,yellow,23517946,44295437
480,2019-12-01,03,Karmøy til Sotra,LAKS,red,46659011,97371730
482,2019-12-01,04,Nordhordland til Stadt,LAKS,red,37030916,74612526
484,2019-12-01,05,Stadt til Hustadvika,LAKS,yellow,12405124,23326404
486,2019-12-01,06,Nordmøre til Sør-Trøndelag,LAKS,green,70172974,141952788
488,2019-12-01,07,Nord-Trøndelag med Bindal,LAKS,yellow,26846926,58141111
489,2019-12-01,08,Helgeland til Bodø,LAKS,green,45902414,89146620
490,2019-12-01,09,Vestfjorden og Vesterålen,LAKS,green,38819092,61417239
492,2019-12-01,10,Andøya til Senja,LAKS,green,38540940,75053916
494,2019-12-01,11,Kvaløy til Loppa,LAKS,green,22798979,38724375
495,2019-12-01,12,Vest-Finnmark,LAKS,green,41369515,74500761
496,2019-12-01,13,Øst-Finnmark,LAKS,green,3471660,5918783
497,2020-01-01,01,Svenskegrensen til Jæren,LAKS,green,6762390,7346614
498,2020-01-01,02,Ryfylket,LAKS,yellow,21248312,40669027
499,2020-01-01,03,Karmøy til Sotra,LAKS,red,43675395,91482748
501,2020-01-01,04,Nordhordland til Stadt,LAKS,red,34604600,70068066
503,2020-01-01,05,Stadt til Hustadvika,LAKS,yellow,11313158,22256850
505,2020-01-01,06,Nordmøre til Sør-Trøndelag,LAKS,green,74346445,146972996
507,2020-01-01,07,Nord-Trøndelag med Bindal,LAKS,yellow,26596091,59380762
508,2020-01-01,08,Helgeland til Bodø,LAKS,green,44331379,90280007
509,2020-01-01,09,Vestfjorden og Vesterålen,LAKS,green,37771274,61878783
511,2020-01-01,10,Andøya til Senja,LAKS,green,36916836,74537179
513,2020-01-01,11,Kvaløy til Loppa,LAKS,green,21843585,36874417
514,2020-01-01,12,Vest-Finnmark,LAKS,green,40114883,71768722
515,2020-01-01,13,Øst-Finnmark,LAKS,green,3042457,4207735
516,2020-02-01,01,Svenskegrensen til Jæren,LAKS,green,6708475,8147200
517,2020-02-01,02,Ryfylket,LAKS,yellow,19842779,38634919
518,2020-02-01,03,Karmøy til Sotra,LAKS,red,40891138,88942198
520,2020-02-01,04,Nordhordland til Stadt,LAKS,red,31685581,63643691
522,2020-02-01,05,Stadt til Hustadvika,LAKS,yellow,10890939,22836371
524,2020-02-01,06,Nordmøre til Sør-Trøndelag,LAKS,green,72732873,145376145
526,2020-02-01,07,Nord-Trøndelag med Bindal,LAKS,yellow,24603392,55354604
527,2020-02-01,08,Helgeland til Bodø,LAKS,green,41670608,89844586
528,2020-02-01,09,Vestfjorden og Vesterålen,LAKS,green,36194894,61875344
530,2020-02-01,10,Andøya til Senja,LAKS,green,34816765,70330206
532,2020-02-01,11,Kvaløy til Loppa,LAKS,green,19750441,34332741
533,2020-02-01,12,Vest-Finnmark,LAKS,green,37665101,67293171
534,2020-02-01,13,Øst-Finnmark,LAKS,green,2951804,4199577
535,2020-03-01,01,Svenskegrensen til Jæren,LAKS,green,6662138,9146604
536,2020-03-01,02,Ryfylket,LAKS,yellow,17660830,34230697
537,2020-03-01,03,Karmøy til Sotra,LAKS,red,49995472,90088249
539,2020-03-01,04,Nordhordland til Stadt,LAKS,red,29395456,58272589
541,2020-03-01,05,Stadt til Hustadvika,LAKS,yellow,11679391,25354593
543,2020-03-01,06,Nordmøre til Sør-Trøndelag,LAKS,green,73116910,148271286
545,2020-03-01,07,Nord-Trøndelag med Bindal,LAKS,yellow,22130659,48466327
546,2020-03-01,08,Helgeland til Bodø,LAKS,green,39192045,86643619
547,2020-03-01,09,Vestfjorden og Vesterålen,LAKS,green,34801273,61631538
549,2020-03-01,10,Andøya til Senja,LAKS,green,32747206,63999798
551,2020-03-01,11,Kvaløy til Loppa,LAKS,green,18894453,31906242
552,2020-03-01,12,Vest-Finnmark,LAKS,green,34842211,61995520
553,2020-03-01,13,Øst-Finnmark,LAKS,green,2947014,4597655
554,2020-04-01,01,Svenskegrensen til Jæren,LAKS,green,6541044,9250958
555,2020-04-01,02,Ryfylket,LAKS,yellow,18442887,33912547
556,2020-04-01,03,Karmøy til Sotra,LAKS,red,54489570,90119344
558,2020-04-01,04,Nordhordland til Stadt,LAKS,red,34703108,56739533
560,2020-04-01,05,Stadt til Hustadvika,LAKS,yellow,15733686,24831283
562,2020-04-01,06,Nordmøre til Sør-Trøndelag,LAKS,green,73123803,137769031
564,2020-04-01,07,Nord-Trøndelag med Bindal,LAKS,yellow,24669764,48997207
565,2020-04-01,08,Helgeland til Bodø,LAKS,green,41204673,84781136
566,2020-04-01,09,Vestfjorden og Vesterålen,LAKS,green,36777377,60248634
568,2020-04-01,10,Andøya til Senja,LAKS,green,34029966,56681648
570,2020-04-01,11,Kvaløy til Loppa,LAKS,green,20546099,32169764
571,2020-04-01,12,Vest-Finnmark,LAKS,green,35462161,60961158
572,2020-04-01,13,Øst-Finnmark,LAKS,green,2939529,4975772
573,2020-05-01,01,Svenskegrensen til Jæren,LAKS,green,6470875,10590839
574,2020-05-01,02,Ryfylket,LAKS,yellow,17141484,35292058
575,2020-05-01,03,Karmøy til Sotra,LAKS,red,52473671,87686425
577,2020-05-01,04,Nordhordland til Stadt,LAKS,red,33919431,56653130
579,2020-05-01,05,Stadt til Hustadvika,LAKS,yellow,18166374,25875700
581,2020-05-01,06,Nordmøre til Sør-Trøndelag,LAKS,green,73525551,134729878
583,2020-05-01,07,Nord-Trøndelag med Bindal,LAKS,yellow,26850438,49635964
584,2020-05-01,08,Helgeland til Bodø,LAKS,green,45788029,83187906
585,2020-05-01,09,Vestfjorden og Vesterålen,LAKS,green,43395641,57256757
587,2020-05-01,10,Andøya til Senja,LAKS,green,33514111,52166865
589,2020-05-01,11,Kvaløy til Loppa,LAKS,green,25013005,33701129
590,2020-05-01,12,Vest-Finnmark,LAKS,green,39497085,61836157
591,2020-05-01,13,Øst-Finnmark,LAKS,green,3743540,5621943
592,2020-06-01,01,Svenskegrensen til Jæren,LAKS,green,6036856,11002264
593,2020-06-01,02,Ryfylket,LAKS,yellow,18248433,35046213
594,2020-06-01,03,Karmøy til Sotra,LAKS,red,50656465,86109872
596,2020-06-01,04,Nordhordland til Stadt,LAKS,red,32149149,55398535
598,2020-06-01,05,Stadt til Hustadvika,LAKS,yellow,21597906,29262134
600,2020-06-01,06,Nordmøre til Sør-Trøndelag,LAKS,green,74794732,133216510
602,2020-06-01,07,Nord-Trøndelag med Bindal,LAKS,yellow,27307747,53540906
603,2020-06-01,08,Helgeland til Bodø,LAKS,green,44086941,78780289
604,2020-06-01,09,Vestfjorden og Vesterålen,LAKS,green,44320363,63327610
606,2020-06-01,10,Andøya til Senja,LAKS,green,32819897,49913792
608,2020-06-01,11,Kvaløy til Loppa,LAKS,green,25663895,36199168
609,2020-06-01,12,Vest-Finnmark,LAKS,green,43045376,64436437
610,2020-06-01,13,Øst-Finnmark,LAKS,green,4345896,6566057
611,2020-07-01,01,Svenskegrensen til Jæren,LAKS,green,5788256,12343269
612,2020-07-01,02,Ryfylket,LAKS,yellow,17408406,37459824
613,2020-07-01,03,Karmøy til Sotra,LAKS,red,48759700,86683381
615,2020-07-01,04,Nordhordland til Stadt,LAKS,red,31835433,56225473
617,2020-07-01,05,Stadt til Hustadvika,LAKS,yellow,21461315,32686514
619,2020-07-01,06,Nordmøre til Sør-Trøndelag,LAKS,green,72865324,132073295
621,2020-07-01,07,Nord-Trøndelag med Bindal,LAKS,yellow,28225481,50181419
622,2020-07-01,08,Helgeland til Bodø,LAKS,green,44526213,81633389
623,2020-07-01,09,Vestfjorden og Vesterålen,LAKS,green,42552266,69402922
625,2020-07-01,10,Andøya til Senja,LAKS,green,35308014,54741719
627,2020-07-01,11,Kvaløy til Loppa,LAKS,green,26749016,42899035
628,2020-07-01,12,Vest-Finnmark,LAKS,green,44199450,70145951
629,2020-07-01,13,Øst-Finnmark,LAKS,green,4335454,8158022
630,2020-08-01,01,Svenskegrensen til Jæren,LAKS,green,6011588,14110435
631,2020-08-01,02,Ryfylket,LAKS,yellow,19984112,41759540
632,2020-08-01,03,Karmøy til Sotra,LAKS,red,49739555,95782153
634,2020-08-01,04,Nordhordland til Stadt,LAKS,red,31375381,61583660
636,2020-08-01,05,Stadt til Hustadvika,LAKS,yellow,21689527,34901232
638,2020-08-01,06,Nordmøre til Sør-Trøndelag,LAKS,green,71065523,127560579
640,2020-08-01,07,Nord-Trøndelag med Bindal,LAKS,yellow,31725581,47882451
641,2020-08-01,08,Helgeland til Bodø,LAKS,green,44986824,91026244
642,2020-08-01,09,Vestfjorden og Vesterålen,LAKS,green,45437131,77105469
644,2020-08-01,10,Andøya til Senja,LAKS,green,40310075,60888461
645,2020-08-01,11,Kvaløy til Loppa,LAKS,green,27645330,49942861
646,2020-08-01,12,Vest-Finnmark,LAKS,green,45389245,74468453
647,2020-08-01,13,Øst-Finnmark,LAKS,green,4329282,10230495
648,2020-09-01,01,Svenskegrensen til Jæren,LAKS,green,5466548,14406738
649,2020-09-01,02,Ryfylket,LAKS,yellow,24967776,47975661
650,2020-09-01,03,Karmøy til Sotra,LAKS,red,49723128,102632299
652,2020-09-01,04,Nordhordland til Stadt,LAKS,red,34276350,65750569
654,2020-09-01,05,Stadt til Hustadvika,LAKS,yellow,20022454,34136375
656,2020-09-01,06,Nordmøre til Sør-Trøndelag,LAKS,green,73394179,131936027
657,2020-09-01,07,Nord-Trøndelag med Bindal,LAKS,yellow,32628237,48310431
658,2020-09-01,08,Helgeland til Bodø,LAKS,green,46314397,94760455
659,2020-09-01,09,Vestfjorden og Vesterålen,LAKS,green,45313360,77238892
661,2020-09-01,10,Andøya til Senja,LAKS,green,42355011,68333293
662,2020-09-01,11,Kvaløy til Loppa,LAKS,green,26101963,51628347
663,2020-09-01,12,Vest-Finnmark,LAKS,green,42586068,76371038
664,2020-09-01,13,Øst-Finnmark,LAKS,green,4273654,12136794
665,2020-10-01,01,Svenskegrensen til Jæren,LAKS,green,5457265,16247308
666,2020-10-01,02,Ryfylket,LAKS,yellow,27453251,51637453
667,2020-10-01,03,Karmøy til Sotra,LAKS,red,50094389,106330827
669,2020-10-01,04,Nordhordland til Stadt,LAKS,red,34839620,62951323
671,2020-10-01,05,Stadt til Hustadvika,LAKS,yellow,19339055,36304059
673,2020-10-01,06,Nordmøre til Sør-Trøndelag,LAKS,green,73413333,142251828
674,2020-10-01,07,Nord-Trøndelag med Bindal,LAKS,yellow,31922445,47897078
675,2020-10-01,08,Helgeland til Bodø,LAKS,green,48988202,95094583
676,2020-10-01,09,Vestfjorden og Vesterålen,LAKS,green,45615117,85007575
678,2020-10-01,10,Andøya til Senja,LAKS,green,43545626,76644600
679,2020-10-01,11,Kvaløy til Loppa,LAKS,green,23993155,48848113
680,2020-10-01,12,Vest-Finnmark,LAKS,green,47233264,82256179
681,2020-10-01,13,Øst-Finnmark,LAKS,green,3250297,9327650
682,2020-11-01,01,Svenskegrensen til Jæren,LAKS,green,5313808,18310693
683,2020-11-01,02,Ryfylket,LAKS,yellow,28459998,50112948
684,2020-11-01,03,Karmøy til Sotra,LAKS,red,47839804,109688275
686,2020-11-01,04,Nordhordland til Stadt,LAKS,red,33204985,59729233
688,2020-11-01,05,Stadt til Hustadvika,LAKS,yellow,18122409,36104657
690,2020-11-01,06,Nordmøre til Sør-Trøndelag,LAKS,green,73136520,156409969
691,2020-11-01,07,Nord-Trøndelag med Bindal,LAKS,yellow,31312378,48806780
692,2020-11-01,08,Helgeland til Bodø,LAKS,green,45999383,93221036
693,2020-11-01,09,Vestfjorden og Vesterålen,LAKS,green,46144029,88852112
695,2020-11-01,10,Andøya til Senja,LAKS,green,41202355,79021085
696,2020-11-01,11,Kvaløy til Loppa,LAKS,green,24181794,51014118
697,2020-11-01,12,Vest-Finnmark,LAKS,green,47902986,84977437
698,2020-11-01,13,Øst-Finnmark,LAKS,green,2104762,5022906
699,2020-12-01,01,Svenskegrensen til Jæren,LAKS,green,4882978,18633781
700,2020-12-01,02,Ryfylket,LAKS,yellow,26589719,45225245
701,2020-12-01,03,Karmøy til Sotra,LAKS,red,43745520,110028531
703,2020-12-01,04,Nordhordland til Stadt,LAKS,red,31764642,56391661
705,2020-12-01,05,Stadt til Hustadvika,LAKS,yellow,17240139,37994464
707,2020-12-01,06,Nordmøre til Sør-Trøndelag,LAKS,green,68086709,158886917
708,2020-12-01,07,Nord-Trøndelag med Bindal,LAKS,yellow,31991815,51897276
709,2020-12-01,08,Helgeland til Bodø,LAKS,green,45038463,89236488
710,2020-12-01,09,Vestfjorden og Vesterålen,LAKS,green,45462271,88743250
712,2020-12-01,10,Andøya til Senja,LAKS,green,40220042,79774696
713,2020-12-01,11,Kvaløy til Loppa,LAKS,green,22389624,48320622
714,2020-12-01,12,Vest-Finnmark,LAKS,green,47381709,85437209
715,2020-12-01,13,Øst-Finnmark,LAKS,green,1994068,5052141
716,2021-01-01,01,Svenskegrensen til Jæren,LAKS,green,4576244,18791731
717,2021-01-01,02,Ryfylket,LAKS,yellow,25359943,45019865
718,2021-01-01,03,Karmøy til Sotra,LAKS,red,41218809,101939379
720,2021-01-01,04,Nordhordland til Stadt,LAKS,red,28838132,50312519
722,2021-01-01,05,Stadt til Hustadvika,LAKS,yellow,18513643,40073231
724,2021-01-01,06,Nordmøre til Sør-Trøndelag,LAKS,green,73978087,157078387
725,2021-01-01,07,Nord-Trøndelag med Bindal,LAKS,yellow,31720481,51966766
726,2021-01-01,08,Helgeland til Bodø,LAKS,green,42530549,88025586
727,2021-01-01,09,Vestfjorden og Vesterålen,LAKS,green,43004641,89246113
729,2021-01-01,10,Andøya til Senja,LAKS,green,38433920,81768465
730,2021-01-01,11,Kvaløy til Loppa,LAKS,green,23176349,48427251
731,2021-01-01,12,Vest-Finnmark,LAKS,green,45316778,82885600
732,2021-01-01,13,Øst-Finnmark,LAKS,green,1612369,3740235
733,2021-02-01,01,Svenskegrensen til Jæren,LAKS,green,3817080,16264647
734,2021-02-01,02,Ryfylket,LAKS,yellow,24122907,41845503
735,2021-02-01,03,Karmøy til Sotra,LAKS,red,38975697,97909908
737,2021-02-01,04,Nordhordland til Stadt,LAKS,red,27430437,47917750
739,2021-02-01,05,Stadt til Hustadvika,LAKS,yellow,19283303,42288109
741,2021-02-01,06,Nordmøre til Sør-Trøndelag,LAKS,green,68933787,141273468
742,2021-02-01,07,Nord-Trøndelag med Bindal,LAKS,yellow,31595394,58835097
743,2021-02-01,08,Helgeland til Bodø,LAKS,green,40211030,81705972
744,2021-02-01,09,Vestfjorden og Vesterålen,LAKS,green,40783957,88884279
746,2021-02-01,10,Andøya til Senja,LAKS,green,35041253,75773000
747,2021-02-01,11,Kvaløy til Loppa,LAKS,green,21552022,46422726
748,2021-02-01,12,Vest-Finnmark,LAKS,green,43000797,78438312
749,2021-02-01,13,Øst-Finnmark,LAKS,green,1387106,2975686
750,2021-03-01,01,Svenskegrensen til Jæren,LAKS,green,2100132,8465792
751,2021-03-01,02,Ryfylket,LAKS,yellow,23962330,40081194
752,2021-03-01,03,Karmøy til Sotra,LAKS,red,44949786,94968851
754,2021-03-01,04,Nordhordland til Stadt,LAKS,red,26049612,42291723
756,2021-03-01,05,Stadt til Hustadvika,LAKS,yellow,18113593,41499129
758,2021-03-01,06,Nordmøre til Sør-Trøndelag,LAKS,green,64941001,129863226
759,2021-03-01,07,Nord-Trøndelag med Bindal,LAKS,yellow,30310970,59830359
760,2021-03-01,08,Helgeland til Bodø,LAKS,green,37932954,79231132
761,2021-03-01,09,Vestfjorden og Vesterålen,LAKS,green,38458191,88613198
763,2021-03-01,10,Andøya til Senja,LAKS,green,32419506,71623406
764,2021-03-01,11,Kvaløy til Loppa,LAKS,green,19353509,40878247
765,2021-03-01,12,Vest-Finnmark,LAKS,green,40079581,70938007
766,2021-03-01,13,Øst-Finnmark,LAKS,green,1383665,3145328
767,2021-04-01,01,Svenskegrensen til Jæren,LAKS,green,1165086,3782254
768,2021-04-01,02,Ryfylket,LAKS,yellow,23017334,41217535
769,2021-04-01,03,Karmøy til Sotra,LAKS,red,48727814,93873930
771,2021-04-01,04,Nordhordland til Stadt,LAKS,red,34226941,46389421
773,2021-04-01,05,Stadt til Hustadvika,LAKS,yellow,18726873,41310715
775,2021-04-01,06,Nordmøre til Sør-Trøndelag,LAKS,green,69811134,126163737
776,2021-04-01,07,Nord-Trøndelag med Bindal,LAKS,yellow,31106103,59522228
777,2021-04-01,08,Helgeland til Bodø,LAKS,green,42918310,80048294
778,2021-04-01,09,Vestfjorden og Vesterålen,LAKS,green,37941047,84572714
780,2021-04-01,10,Andøya til Senja,LAKS,green,32102086,66178079
781,2021-04-01,11,Kvaløy til Loppa,LAKS,green,19925722,39394788
782,2021-04-01,12,Vest-Finnmark,LAKS,green,39177870,71725836
783,2021-04-01,13,Øst-Finnmark,LAKS,green,1380863,3328202
784,2021-05-01,01,Svenskegrensen til Jæren,LAKS,green,650990,1015148
785,2021-05-01,02,Ryfylket,LAKS,yellow,21705723,41401150
786,2021-05-01,03,Karmøy til Sotra,LAKS,red,47347088,88501261
788,2021-05-01,04,Nordhordland til Stadt,LAKS,red,34261207,48731112
790,2021-05-01,05,Stadt til Hustadvika,LAKS,yellow,21683212,45308043
792,2021-05-01,06,Nordmøre til Sør-Trøndelag,LAKS,green,70638230,132547140
793,2021-05-01,07,Nord-Trøndelag med Bindal,LAKS,yellow,33037362,62901907
794,2021-05-01,08,Helgeland til Bodø,LAKS,green,48442746,76766020
795,2021-05-01,09,Vestfjorden og Vesterålen,LAKS,green,42904662,77246814
797,2021-05-01,10,Andøya til Senja,LAKS,green,36744408,61691087
798,2021-05-01,11,Kvaløy til Loppa,LAKS,green,25175262,40179666
799,2021-05-01,12,Vest-Finnmark,LAKS,green,45720376,80711923
800,2021-05-01,13,Øst-Finnmark,LAKS,green,2120495,3688832
801,2021-06-01,01,Svenskegrensen til Jæren,LAKS,green,559763,868813
802,2021-06-01,02,Ryfylket,LAKS,yellow,22809817,44699290
803,2021-06-01,03,Karmøy til Sotra,LAKS,red,45392780,75429640
805,2021-06-01,04,Nordhordland til Stadt,LAKS,red,34741276,52111289
807,2021-06-01,05,Stadt til Hustadvika,LAKS,yellow,20244961,45252688
809,2021-06-01,06,Nordmøre til Sør-Trøndelag,LAKS,green,72749153,135932290
810,2021-06-01,07,Nord-Trøndelag med Bindal,LAKS,yellow,34749273,65887649
811,2021-06-01,08,Helgeland til Bodø,LAKS,green,45940511,76222159
812,2021-06-01,09,Vestfjorden og Vesterålen,LAKS,green,43216571,74759359
814,2021-06-01,10,Andøya til Senja,LAKS,green,37023786,61454667
815,2021-06-01,11,Kvaløy til Loppa,LAKS,green,24155334,42452270
816,2021-06-01,12,Vest-Finnmark,LAKS,green,46443661,83246738
817,2021-06-01,13,Øst-Finnmark,LAKS,green,2108768,4298580
818,2021-07-01,01,Svenskegrensen til Jæren,LAKS,green,1752265,1433724
819,2021-07-01,02,Ryfylket,LAKS,yellow,23172711,50069816
820,2021-07-01,03,Karmøy til Sotra,LAKS,red,43183152,75871483
822,2021-07-01,04,Nordhordland til Stadt,LAKS,red,32740729,58319871
824,2021-07-01,05,Stadt til Hustadvika,LAKS,yellow,18474811,38508472
826,2021-07-01,06,Nordmøre til Sør-Trøndelag,LAKS,green,73209921,140088427
827,2021-07-01,07,Nord-Trøndelag med Bindal,LAKS,yellow,34236077,67325994
828,2021-07-01,08,Helgeland til Bodø,LAKS,green,45584136,81848838
829,2021-07-01,09,Vestfjorden og Vesterålen,LAKS,green,42164737,77261755
831,2021-07-01,10,Andøya til Senja,LAKS,green,36637557,67933558
832,2021-07-01,11,Kvaløy til Loppa,LAKS,green,26757235,47747053
833,2021-07-01,12,Vest-Finnmark,LAKS,green,48719811,89113658
834,2021-07-01,13,Øst-Finnmark,LAKS,green,2687526,5387216
835,2021-08-01,01,Svenskegrensen til Jæren,LAKS,green,2856737,2143666
836,2021-08-01,02,Ryfylket,LAKS,yellow,26372994,56376309
837,2021-08-01,03,Karmøy til Sotra,LAKS,red,47225675,84798653
839,2021-08-01,04,Nordhordland til Stadt,LAKS,red,34408565,61402443
841,2021-08-01,05,Stadt til Hustadvika,LAKS,yellow,18508930,33941022
843,2021-08-01,06,Nordmøre til Sør-Trøndelag,LAKS,green,77334854,142287243
844,2021-08-01,07,Nord-Trøndelag med Bindal,LAKS,yellow,36064225,70309792
845,2021-08-01,08,Helgeland til Bodø,LAKS,green,44532479,88119924
846,2021-08-01,09,Vestfjorden og Vesterålen,LAKS,green,44779730,75651622
848,2021-08-01,10,Andøya til Senja,LAKS,green,39448641,79046212
849,2021-08-01,11,Kvaløy til Loppa,LAKS,green,24973702,45774895
850,2021-08-01,12,Vest-Finnmark,LAKS,green,46817776,91751921
851,2021-08-01,13,Øst-Finnmark,LAKS,green,2431523,5414381
852,2021-09-01,01,Svenskegrensen til Jæren,LAKS,green,5247543,3333745
853,2021-09-01,02,Ryfylket,LAKS,yellow,28126143,60715009
854,2021-09-01,03,Karmøy til Sotra,LAKS,red,48102654,89919246
856,2021-09-01,04,Nordhordland til Stadt,LAKS,red,35269546,62529177
858,2021-09-01,05,Stadt til Hustadvika,LAKS,yellow,16137524,30359768
860,2021-09-01,06,Nordmøre til Sør-Trøndelag,LAKS,green,76253422,146473926
861,2021-09-01,07,Nord-Trøndelag med Bindal,LAKS,yellow,35907912,73295216
862,2021-09-01,08,Helgeland til Bodø,LAKS,green,47648181,94867498
863,2021-09-01,09,Vestfjorden og Vesterålen,LAKS,green,44849487,74137205
864,2021-09-01,10,Andøya til Senja,LAKS,green,41669841,85156650
865,2021-09-01,11,Kvaløy til Loppa,LAKS,green,22343712,43278351
866,2021-09-01,12,Vest-Finnmark,LAKS,green,44725443,92302752
867,2021-09-01,13,Øst-Finnmark,LAKS,green,3556222,4280644
868,2021-10-01,01,Svenskegrensen til Jæren,LAKS,green,7426649,4637495
869,2021-10-01,02,Ryfylket,LAKS,yellow,27986164,62394269
870,2021-10-01,03,Karmøy til Sotra,LAKS,red,50546288,97876656
872,2021-10-01,04,Nordhordland til Stadt,LAKS,red,38000428,68238078
874,2021-10-01,05,Stadt til Hustadvika,LAKS,yellow,17023152,30532253
876,2021-10-01,06,Nordmøre til Sør-Trøndelag,LAKS,green,76708924,150836375
877,2021-10-01,07,Nord-Trøndelag med Bindal,LAKS,yellow,34405406,73557859
878,2021-10-01,08,Helgeland til Bodø,LAKS,green,46342634,97648553
879,2021-10-01,09,Vestfjorden og Vesterålen,LAKS,green,48062070,80641362
880,2021-10-01,10,Andøya til Senja,LAKS,green,43831870,87466937
881,2021-10-01,11,Kvaløy til Loppa,LAKS,green,20515424,43323418
882,2021-10-01,12,Vest-Finnmark,LAKS,green,42093841,89305429
883,2021-10-01,13,Øst-Finnmark,LAKS,green,3345600,4011232
884,2021-11-01,01,Svenskegrensen til Jæren,LAKS,green,7334546,5722446
885,2021-11-01,02,Ryfylket,LAKS,yellow,27226625,61398526
886,2021-11-01,03,Karmøy til Sotra,LAKS,red,49163046,102440176
888,2021-11-01,04,Nordhordland til Stadt,LAKS,red,36640742,70161329
890,2021-11-01,05,Stadt til Hustadvika,LAKS,yellow,16578985,33094120
892,2021-11-01,06,Nordmøre til Sør-Trøndelag,LAKS,green,72971237,152798994
893,2021-11-01,07,Nord-Trøndelag med Bindal,LAKS,yellow,30819164,64045550
894,2021-11-01,08,Helgeland til Bodø,LAKS,green,47094720,96361808
895,2021-11-01,09,Vestfjorden og Vesterålen,LAKS,green,46158177,82137489
896,2021-11-01,10,Andøya til Senja,LAKS,green,43125831,86166901
897,2021-11-01,11,Kvaløy til Loppa,LAKS,green,22093716,42302430
898,2021-11-01,12,Vest-Finnmark,LAKS,green,40314462,80924003
899,2021-11-01,13,Øst-Finnmark,LAKS,green,3095972,2930582
900,2021-12-01,01,Svenskegrensen til Jæren,LAKS,green,7290917,7044355
901,2021-12-01,02,Ryfylket,LAKS,yellow,25218785,54478451
902,2021-12-01,03,Karmøy til Sotra,LAKS,red,46610938,104336982
904,2021-12-01,04,Nordhordland til Stadt,LAKS,red,33699189,63944051
906,2021-12-01,05,Stadt til Hustadvika,LAKS,yellow,14738616,29783718
908,2021-12-01,06,Nordmøre til Sør-Trøndelag,LAKS,green,71396402,148564841
909,2021-12-01,07,Nord-Trøndelag med Bindal,LAKS,yellow,30417708,62098796
910,2021-12-01,08,Helgeland til Bodø,LAKS,green,46762645,95237801
911,2021-12-01,09,Vestfjorden og Vesterålen,LAKS,green,45750985,81620119
912,2021-12-01,10,Andøya til Senja,LAKS,green,41839732,87182526
913,2021-12-01,11,Kvaløy til Loppa,LAKS,green,23966814,41223125
914,2021-12-01,12,Vest-Finnmark,LAKS,green,40082837,76039767
915,2021-12-01,13,Øst-Finnmark,LAKS,green,2970530,2594615
916,2022-01-01,01,Svenskegrensen til Jæren,LAKS,green,6871567,6284165
917,2022-01-01,02,Ryfylket,LAKS,yellow,22477356,46928541
918,2022-01-01,03,Karmøy til Sotra,LAKS,red,45874938,105464186
920,2022-01-01,04,Nordhordland til Stadt,LAKS,red,33733421,59042006
922,2022-01-01,05,Stadt til Hustadvika,LAKS,yellow,14136910,30682242
924,2022-01-01,06,Nordmøre til Sør-Trøndelag,LAKS,green,77714061,151502893
925,2022-01-01,07,Nord-Trøndelag med Bindal,LAKS,yellow,30219408,60344047
926,2022-01-01,08,Helgeland til Bodø,LAKS,green,43926295,92209649
927,2022-01-01,09,Vestfjorden og Vesterålen,LAKS,green,43520506,81257556
928,2022-01-01,10,Andøya til Senja,LAKS,green,38085392,77234735
929,2022-01-01,11,Kvaløy til Loppa,LAKS,green,22832981,40205048
930,2022-01-01,12,Vest-Finnmark,LAKS,green,37066933,69935195
931,2022-01-01,13,Øst-Finnmark,LAKS,green,2931783,2870845
932,2022-02-01,01,Svenskegrensen til Jæren,LAKS,green,6855720,7308235
933,2022-02-01,02,Ryfylket,LAKS,yellow,20124113,40785409
934,2022-02-01,03,Karmøy til Sotra,LAKS,red,42610913,100148590
936,2022-02-01,04,Nordhordland til Stadt,LAKS,red,31810952,56705659
938,2022-02-01,05,Stadt til Hustadvika,LAKS,yellow,13294631,30178795
940,2022-02-01,06,Nordmøre til Sør-Trøndelag,LAKS,green,75730298,150447144
941,2022-02-01,07,Nord-Trøndelag med Bindal,LAKS,yellow,28758665,58415442
942,2022-02-01,08,Helgeland til Bodø,LAKS,green,40794381,86400982
943,2022-02-01,09,Vestfjorden og Vesterålen,LAKS,green,40594038,76383672
944,2022-02-01,10,Andøya til Senja,LAKS,green,35841937,72853282
945,2022-02-01,11,Kvaløy til Loppa,LAKS,green,21362937,36150114
946,2022-02-01,12,Vest-Finnmark,LAKS,green,35190389,68985060
947,2022-02-01,13,Øst-Finnmark,LAKS,green,2779665,3023034
948,2022-03-01,01,Svenskegrensen til Jæren,LAKS,green,6842522,8474199
949,2022-03-01,02,Ryfylket,LAKS,yellow,18967049,34457407
950,2022-03-01,03,Karmøy til Sotra,LAKS,red,52264571,96274144
952,2022-03-01,04,Nordhordland til Stadt,LAKS,red,31716666,55739947
954,2022-03-01,05,Stadt til Hustadvika,LAKS,yellow,14398043,32968881
956,2022-03-01,06,Nordmøre til Sør-Trøndelag,LAKS,green,70838535,138425010
957,2022-03-01,07,Nord-Trøndelag med Bindal,LAKS,yellow,26451885,52487254
958,2022-03-01,08,Helgeland til Bodø,LAKS,green,37703214,80965485
959,2022-03-01,09,Vestfjorden og Vesterålen,LAKS,green,38018330,72397584
960,2022-03-01,10,Andøya til Senja,LAKS,green,32695279,62023106
961,2022-03-01,11,Kvaløy til Loppa,LAKS,green,20514844,35505626
962,2022-03-01,12,Vest-Finnmark,LAKS,green,34053875,71159005
963,2022-03-01,13,Øst-Finnmark,LAKS,green,2747164,3354804
964,2022-04-01,01,Svenskegrensen til Jæren,LAKS,green,6830182,9865122
965,2022-04-01,02,Ryfylket,LAKS,yellow,19231291,34807545
966,2022-04-01,03,Karmøy til Sotra,LAKS,red,52092292,91362550
968,2022-04-01,04,Nordhordland til Stadt,LAKS,red,32879610,54927373
970,2022-04-01,05,Stadt til Hustadvika,LAKS,yellow,20544208,36582601
972,2022-04-01,06,Nordmøre til Sør-Trøndelag,LAKS,green,71723834,139037031
973,2022-04-01,07,Nord-Trøndelag med Bindal,LAKS,yellow,27434868,49010646
974,2022-04-01,08,Helgeland til Bodø,LAKS,green,37993802,80260011
975,2022-04-01,09,Vestfjorden og Vesterålen,LAKS,green,42786357,74544780
976,2022-04-01,10,Andøya til Senja,LAKS,green,30950635,55356491
977,2022-04-01,11,Kvaløy til Loppa,LAKS,green,21429692,35868907
978,2022-04-01,12,Vest-Finnmark,LAKS,green,35853220,70315851
979,2022-04-01,13,Øst-Finnmark,LAKS,green,2715333,3777210
980,2022-05-01,01,Svenskegrensen til Jæren,LAKS,green,6814440,11793815
981,2022-05-01,02,Ryfylket,LAKS,yellow,20147873,38315320
982,2022-05-01,03,Karmøy til Sotra,LAKS,red,50769985,90258670
984,2022-05-01,04,Nordhordland til Stadt,LAKS,red,32155053,53599297
986,2022-05-01,05,Stadt til Hustadvika,LAKS,yellow,22051224,38631840
988,2022-05-01,06,Nordmøre til Sør-Trøndelag,LAKS,green,75260238,140617994
989,2022-05-01,07,Nord-Trøndelag med Bindal,LAKS,yellow,29633776,48604113
990,2022-05-01,08,Helgeland til Bodø,LAKS,green,46806626,79240226
991,2022-05-01,09,Vestfjorden og Vesterålen,LAKS,green,47013730,73638412
992,2022-05-01,10,Andøya til Senja,LAKS,green,34908072,52054754
993,2022-05-01,11,Kvaløy til Loppa,LAKS,green,25585184,38334988
994,2022-05-01,12,Vest-Finnmark,LAKS,green,39225378,68231023
995,2022-05-01,13,Øst-Finnmark,LAKS,green,2684210,4191183
996,2022-06-01,01,Svenskegrensen til Jæren,LAKS,green,6795697,14871024
997,2022-06-01,02,Ryfylket,LAKS,yellow,22563683,43449466
998,2022-06-01,03,Karmøy til Sotra,LAKS,red,50657556,92846035
1000,2022-06-01,04,Nordhordland til Stadt,LAKS,red,28988950,48300626
1002,2022-06-01,05,Stadt til Hustadvika,LAKS,yellow,25794186,38188676
1004,2022-06-01,06,Nordmøre til Sør-Trøndelag,LAKS,green,75200757,137529546
1005,2022-06-01,07,Nord-Trøndelag med Bindal,LAKS,yellow,29177997,52832864
1006,2022-06-01,08,Helgeland til Bodø,LAKS,green,45882879,77453350
1007,2022-06-01,09,Vestfjorden og Vesterålen,LAKS,green,48217796,74861474
1008,2022-06-01,10,Andøya til Senja,LAKS,green,37091344,55627260
1009,2022-06-01,11,Kvaløy til Loppa,LAKS,green,26657980,43483925
1010,2022-06-01,12,Vest-Finnmark,LAKS,green,41918871,70079916
1011,2022-06-01,13,Øst-Finnmark,LAKS,green,3036015,4586228
1012,2022-07-01,01,Svenskegrensen til Jæren,LAKS,green,6682641,18414558
1013,2022-07-01,02,Ryfylket,LAKS,yellow,21045148,44569507
1014,2022-07-01,03,Karmøy til Sotra,LAKS,red,48563599,97311226
1016,2022-07-01,04,Nordhordland til Stadt,LAKS,red,28428499,52901075
1018,2022-07-01,05,Stadt til Hustadvika,LAKS,yellow,24634916,37609553
1020,2022-07-01,06,Nordmøre til Sør-Trøndelag,LAKS,green,74822469,137152195
1021,2022-07-01,07,Nord-Trøndelag med Bindal,LAKS,yellow,29484613,55656655
1022,2022-07-01,08,Helgeland til Bodø,LAKS,green,44888392,80385212
1023,2022-07-01,09,Vestfjorden og Vesterålen,LAKS,green,49153393,83704318
1024,2022-07-01,10,Andøya til Senja,LAKS,green,39751633,65616512
1025,2022-07-01,11,Kvaløy til Loppa,LAKS,green,27526920,50919921
1026,2022-07-01,12,Vest-Finnmark,LAKS,green,45682006,72683838
1027,2022-07-01,13,Øst-Finnmark,LAKS,green,4216421,5834600
1028,2022-08-01,01,Svenskegrensen til Jæren,LAKS,green,6185255,17625389
1029,2022-08-01,02,Ryfylket,LAKS,yellow,23982921,45834995
1030,2022-08-01,03,Karmøy til Sotra,LAKS,red,49031391,101095755
1032,2022-08-01,04,Nordhordland til Stadt,LAKS,red,29891568,61421090
1034,2022-08-01,05,Stadt til Hustadvika,LAKS,yellow,24019262,37466159
1036,2022-08-01,06,Nordmøre til Sør-Trøndelag,LAKS,green,78609502,135314782
1037,2022-08-01,07,Nord-Trøndelag med Bindal,LAKS,yellow,36237272,58584519
1038,2022-08-01,08,Helgeland til Bodø,LAKS,green,47836503,83792749
1039,2022-08-01,09,Vestfjorden og Vesterålen,LAKS,green,51240741,87858766
1040,2022-08-01,10,Andøya til Senja,LAKS,green,43071284,73183523
1041,2022-08-01,11,Kvaløy til Loppa,LAKS,green,26600865,52810101
1042,2022-08-01,12,Vest-Finnmark,LAKS,green,42830588,71813005
1043,2022-08-01,13,Øst-Finnmark,LAKS,green,4205275,7416580
1044,2022-09-01,01,Svenskegrensen til Jæren,LAKS,green,5424841,16106688
1045,2022-09-01,02,Ryfylket,LAKS,yellow,24909271,46715095
1046,2022-09-01,03,Karmøy til Sotra,LAKS,red,47237324,100626277
1048,2022-09-01,04,Nordhordland til Stadt,LAKS,red,32104746,65259597
1050,2022-09-01,05,Stadt til Hustadvika,LAKS,yellow,25019399,36012613
1052,2022-09-01,06,Nordmøre til Sør-Trøndelag,LAKS,green,81078675,139820631
1054,2022-09-01,07,Nord-Trøndelag med Bindal,LAKS,yellow,38171844,56272850
1055,2022-09-01,08,Helgeland til Bodø,LAKS,green,48184562,87365456
1056,2022-09-01,09,Vestfjorden og Vesterålen,LAKS,green,49518407,86804854
1057,2022-09-01,10,Andøya til Senja,LAKS,green,43401723,76677376
1058,2022-09-01,11,Kvaløy til Loppa,LAKS,green,26541385,52055777
1059,2022-09-01,12,Vest-Finnmark,LAKS,green,39445800,71426820
1060,2022-09-01,13,Øst-Finnmark,LAKS,green,4188136,9111665
1061,2022-10-01,01,Svenskegrensen til Jæren,LAKS,green,4069670,13686856
1062,2022-10-01,02,Ryfylket,LAKS,yellow,28195569,49659357
1063,2022-10-01,03,Karmøy til Sotra,LAKS,red,47626850,101622187
1065,2022-10-01,04,Nordhordland til Stadt,LAKS,red,32505837,64694875
1067,2022-10-01,05,Stadt til Hustadvika,LAKS,yellow,25169793,38938131
1069,2022-10-01,06,Nordmøre til Sør-Trøndelag,LAKS,green,75341352,140872118
1071,2022-10-01,07,Nord-Trøndelag med Bindal,LAKS,yellow,37356745,57990095
1072,2022-10-01,08,Helgeland til Bodø,LAKS,green,45664692,85612489
1073,2022-10-01,09,Vestfjorden og Vesterålen,LAKS,green,49992991,92533361
1074,2022-10-01,10,Andøya til Senja,LAKS,green,44050799,79765114
1075,2022-10-01,11,Kvaløy til Loppa,LAKS,green,23886217,47476420
1076,2022-10-01,12,Vest-Finnmark,LAKS,green,41498410,72416060
1077,2022-10-01,13,Øst-Finnmark,LAKS,green,3846920,9262264
1078,2022-11-01,01,Svenskegrensen til Jæren,LAKS,green,3713406,14217549
1079,2022-11-01,02,Ryfylket,LAKS,yellow,28220200,49993306
1080,2022-11-01,03,Karmøy til Sotra,LAKS,red,45106873,100202800
1082,2022-11-01,04,Nordhordland til Stadt,LAKS,red,29894625,54730993
1084,2022-11-01,05,Stadt til Hustadvika,LAKS,yellow,24423878,43121361
1086,2022-11-01,06,Nordmøre til Sør-Trøndelag,LAKS,green,72206471,141108121
1088,2022-11-01,07,Nord-Trøndelag med Bindal,LAKS,yellow,34803647,56298155
1089,2022-11-01,08,Helgeland til Bodø,LAKS,green,46311331,84605792
1090,2022-11-01,09,Vestfjorden og Vesterålen,LAKS,green,51818739,96427262
1091,2022-11-01,10,Andøya til Senja,LAKS,green,43705313,82723285
1092,2022-11-01,11,Kvaløy til Loppa,LAKS,green,25868033,46746408
1093,2022-11-01,12,Vest-Finnmark,LAKS,green,44597998,71137544
1094,2022-11-01,13,Øst-Finnmark,LAKS,green,3245339,8025447
1095,2022-12-01,01,Svenskegrensen til Jæren,LAKS,green,3339727,14235853
1096,2022-12-01,02,Ryfylket,LAKS,yellow,27325977,48807616
1097,2022-12-01,03,Karmøy til Sotra,LAKS,red,43898425,95034613
1099,2022-12-01,04,Nordhordland til Stadt,LAKS,red,28565824,47952346
1101,2022-12-01,05,Stadt til Hustadvika,LAKS,yellow,25279094,46787657
1103,2022-12-01,06,Nordmøre til Sør-Trøndelag,LAKS,green,71207035,134351741
1105,2022-12-01,07,Nord-Trøndelag med Bindal,LAKS,yellow,39320927,61051150
1106,2022-12-01,08,Helgeland til Bodø,LAKS,green,44480674,82314941
1107,2022-12-01,09,Vestfjorden og Vesterålen,LAKS,green,49957606,96975131
1108,2022-12-01,10,Andøya til Senja,LAKS,green,43246702,85212253
1109,2022-12-01,11,Kvaløy til Loppa,LAKS,green,24223919,45190805
1110,2022-12-01,12,Vest-Finnmark,LAKS,green,43280895,67349966
1111,2022-12-01,13,Øst-Finnmark,LAKS,green,2880181,7460376
1112,2023-01-01,01,Svenskegrensen til Jæren,LAKS,green,2940278,13636352
1113,2023-01-01,02,Ryfylket,LAKS,yellow,24930732,44442531
1114,2023-01-01,03,Karmøy til Sotra,LAKS,red,41619572,91242752
1116,2023-01-01,04,Nordhordland til Stadt,LAKS,red,26747688,46200987
1118,2023-01-01,05,Stadt til Hustadvika,LAKS,yellow,24582562,50482611
1120,2023-01-01,06,Nordmøre til Sør-Trøndelag,LAKS,green,75382589,132693800
1122,2023-01-01,07,Nord-Trøndelag med Bindal,LAKS,yellow,37858488,62040942
1123,2023-01-01,08,Helgeland til Bodø,LAKS,green,41673759,80980874
1124,2023-01-01,09,Vestfjorden og Vesterålen,LAKS,green,46028398,91345207
1125,2023-01-01,10,Andøya til Senja,LAKS,green,41426665,85339545
1126,2023-01-01,11,Kvaløy til Loppa,LAKS,green,23122057,45473722
1127,2023-01-01,12,Vest-Finnmark,LAKS,green,41114227,64502376
1128,2023-01-01,13,Øst-Finnmark,LAKS,green,2415402,5844964
1129,2023-02-01,01,Svenskegrensen til Jæren,LAKS,green,2102011,9734168
1130,2023-02-01,02,Ryfylket,LAKS,yellow,24012188,42853490
1131,2023-02-01,03,Karmøy til Sotra,LAKS,red,38505568,88502770
1133,2023-02-01,04,Nordhordland til Stadt,LAKS,red,25125156,43713685
1135,2023-02-01,05,Stadt til Hustadvika,LAKS,yellow,23306063,50742052
1137,2023-02-01,06,Nordmøre til Sør-Trøndelag,LAKS,green,71787405,130666720
1139,2023-02-01,07,Nord-Trøndelag med Bindal,LAKS,yellow,36690744,64321420
1140,2023-02-01,08,Helgeland til Bodø,LAKS,green,39461196,80176516
1141,2023-02-01,09,Vestfjorden og Vesterålen,LAKS,green,42747011,85830861
1142,2023-02-01,10,Andøya til Senja,LAKS,green,38782216,81481930
1143,2023-02-01,11,Kvaløy til Loppa,LAKS,green,22547284,47385734
1144,2023-02-01,12,Vest-Finnmark,LAKS,green,38049462,57833084
1145,2023-02-01,13,Øst-Finnmark,LAKS,green,1760181,3166000
1146,2023-03-01,01,Svenskegrensen til Jæren,LAKS,green,1115405,4068536
1147,2023-03-01,02,Ryfylket,LAKS,yellow,23169603,41169438
1148,2023-03-01,03,Karmøy til Sotra,LAKS,red,47456529,86172931
1150,2023-03-01,04,Nordhordland til Stadt,LAKS,red,28504949,45186200
1152,2023-03-01,05,Stadt til Hustadvika,LAKS,yellow,22883203,53342759
1154,2023-03-01,06,Nordmøre til Sør-Trøndelag,LAKS,green,70127370,125693269
1156,2023-03-01,07,Nord-Trøndelag med Bindal,LAKS,yellow,35368639,67411772
1157,2023-03-01,08,Helgeland til Bodø,LAKS,green,36539046,75876739
1158,2023-03-01,09,Vestfjorden og Vesterålen,LAKS,green,38795479,75452007
1159,2023-03-01,10,Andøya til Senja,LAKS,green,36115133,76936887
1160,2023-03-01,11,Kvaløy til Loppa,LAKS,green,21242882,45562738
1161,2023-03-01,12,Vest-Finnmark,LAKS,green,35892462,57889341
1162,2023-03-01,13,Øst-Finnmark,LAKS,green,1684226,3127780
1163,2023-04-01,01,Svenskegrensen til Jæren,LAKS,green,581342,681183
1164,2023-04-01,02,Ryfylket,LAKS,yellow,24302066,43794402
1165,2023-04-01,03,Karmøy til Sotra,LAKS,red,48320995,82151413
1167,2023-04-01,04,Nordhordland til Stadt,LAKS,red,31962947,44262461
1169,2023-04-01,05,Stadt til Hustadvika,LAKS,yellow,26079749,57051563
1171,2023-04-01,06,Nordmøre til Sør-Trøndelag,LAKS,green,74368091,121196695
1173,2023-04-01,07,Nord-Trøndelag med Bindal,LAKS,yellow,36169595,65776875
1174,2023-04-01,08,Helgeland til Bodø,LAKS,green,43207004,77721476
1175,2023-04-01,09,Vestfjorden og Vesterålen,LAKS,green,39907364,73583641
1176,2023-04-01,10,Andøya til Senja,LAKS,green,36341524,74537381
1177,2023-04-01,11,Kvaløy til Loppa,LAKS,green,21375597,46382938
1178,2023-04-01,12,Vest-Finnmark,LAKS,green,36048301,59091464
1179,2023-04-01,13,Øst-Finnmark,LAKS,green,1682329,3449623
1180,2023-05-01,01,Svenskegrensen til Jæren,LAKS,green,580808,776748
1181,2023-05-01,02,Ryfylket,LAKS,yellow,22759253,43198841
1182,2023-05-01,03,Karmøy til Sotra,LAKS,red,48909307,76419912
1184,2023-05-01,04,Nordhordland til Stadt,LAKS,red,32414237,44345754
1186,2023-05-01,05,Stadt til Hustadvika,LAKS,yellow,26804248,59175711
1188,2023-05-01,06,Nordmøre til Sør-Trøndelag,LAKS,green,75353256,124838723
1190,2023-05-01,07,Nord-Trøndelag med Bindal,LAKS,yellow,37525895,70251490
1191,2023-05-01,08,Helgeland til Bodø,LAKS,green,49746226,78490810
1192,2023-05-01,09,Vestfjorden og Vesterålen,LAKS,green,47125332,76620091
1193,2023-05-01,10,Andøya til Senja,LAKS,green,41673015,68904031
1194,2023-05-01,11,Kvaløy til Loppa,LAKS,green,24762001,50426854
1195,2023-05-01,12,Vest-Finnmark,LAKS,green,43487521,60875824
1196,2023-05-01,13,Øst-Finnmark,LAKS,green,1681070,3966242
1197,2023-06-01,01,Svenskegrensen til Jæren,LAKS,green,3133024,1754677
1198,2023-06-01,02,Ryfylket,LAKS,yellow,21278650,44682303
1199,2023-06-01,03,Karmøy til Sotra,LAKS,red,47530869,66548449
1201,2023-06-01,04,Nordhordland til Stadt,LAKS,red,31423673,49005059
1203,2023-06-01,05,Stadt til Hustadvika,LAKS,yellow,27949836,57467551
1205,2023-06-01,06,Nordmøre til Sør-Trøndelag,LAKS,green,72601970,126251060
1207,2023-06-01,07,Nord-Trøndelag med Bindal,LAKS,yellow,39383681,73339876
1208,2023-06-01,08,Helgeland til Bodø,LAKS,green,49495484,77391696
1209,2023-06-01,09,Vestfjorden og Vesterålen,LAKS,green,46366280,78174138
1210,2023-06-01,10,Andøya til Senja,LAKS,green,40405204,66385292
1211,2023-06-01,11,Kvaløy til Loppa,LAKS,green,28324092,55391712
1212,2023-06-01,12,Vest-Finnmark,LAKS,green,44905297,64708979
1213,2023-06-01,13,Øst-Finnmark,LAKS,green,3032517,4803094
1214,2023-07-01,01,Svenskegrensen til Jæren,LAKS,green,3126907,2510209
1215,2023-07-01,02,Ryfylket,LAKS,yellow,21591421,48053066
1216,2023-07-01,03,Karmøy til Sotra,LAKS,red,45132046,69622597
1218,2023-07-01,04,Nordhordland til Stadt,LAKS,red,32493269,56448698
1220,2023-07-01,05,Stadt til Hustadvika,LAKS,yellow,25373109,56478475
1222,2023-07-01,06,Nordmøre til Sør-Trøndelag,LAKS,green,75507559,131922520
1224,2023-07-01,07,Nord-Trøndelag med Bindal,LAKS,yellow,38668472,75340765
1225,2023-07-01,08,Helgeland til Bodø,LAKS,green,48875351,81040007
1226,2023-07-01,09,Vestfjorden og Vesterålen,LAKS,green,46920173,83963246
1227,2023-07-01,10,Andøya til Senja,LAKS,green,39937125,73274344
1228,2023-07-01,11,Kvaløy til Loppa,LAKS,green,28906722,57313773
1229,2023-07-01,12,Vest-Finnmark,LAKS,green,47301815,74967153
1230,2023-07-01,13,Øst-Finnmark,LAKS,green,4818614,6132160
1231,2023-08-01,01,Svenskegrensen til Jæren,LAKS,green,4651630,3805203
1232,2023-08-01,02,Ryfylket,LAKS,yellow,21197329,48472033
1233,2023-08-01,03,Karmøy til Sotra,LAKS,red,47543204,76851103
1235,2023-08-01,04,Nordhordland til Stadt,LAKS,red,32035408,60225849
1237,2023-08-01,05,Stadt til Hustadvika,LAKS,yellow,21578700,51601670
1239,2023-08-01,06,Nordmøre til Sør-Trøndelag,LAKS,green,75705188,139683360
1241,2023-08-01,07,Nord-Trøndelag med Bindal,LAKS,yellow,40064651,79616926
1242,2023-08-01,08,Helgeland til Bodø,LAKS,green,52336248,84715364
1243,2023-08-01,09,Vestfjorden og Vesterålen,LAKS,green,48525616,82133918
1244,2023-08-01,10,Andøya til Senja,LAKS,green,44461452,81579861
1245,2023-08-01,11,Kvaløy til Loppa,LAKS,green,26142793,51512760
1246,2023-08-01,12,Vest-Finnmark,LAKS,green,48353769,84124358
1247,2023-08-01,13,Øst-Finnmark,LAKS,green,4707126,7402557
1248,2023-09-01,01,Svenskegrensen til Jæren,LAKS,green,6891913,5465287
1249,2023-09-01,02,Ryfylket,LAKS,yellow,21381456,46275982
1250,2023-09-01,03,Karmøy til Sotra,LAKS,red,47157510,83567984
1252,2023-09-01,04,Nordhordland til Stadt,LAKS,red,34840604,61950636
1254,2023-09-01,05,Stadt til Hustadvika,LAKS,yellow,18940136,45179571
1256,2023-09-01,06,Nordmøre til Sør-Trøndelag,LAKS,green,78559315,148758471
1258,2023-09-01,07,Nord-Trøndelag med Bindal,LAKS,yellow,39798827,78291881
1259,2023-09-01,08,Helgeland til Bodø,LAKS,green,53592224,91657316
1260,2023-09-01,09,Vestfjorden og Vesterålen,LAKS,green,52141447,84275826
1261,2023-09-01,10,Andøya til Senja,LAKS,green,42937838,83915967
1262,2023-09-01,11,Kvaløy til Loppa,LAKS,green,26568212,52442270
1263,2023-09-01,12,Vest-Finnmark,LAKS,green,48195368,89966945
1264,2023-09-01,13,Øst-Finnmark,LAKS,green,4197776,6891688
1265,2023-10-01,01,Svenskegrensen til Jæren,LAKS,green,7594615,7183816
1266,2023-10-01,02,Ryfylket,LAKS,yellow,22491775,44498506
1267,2023-10-01,03,Karmøy til Sotra,LAKS,red,49533232,89907919
1269,2023-10-01,04,Nordhordland til Stadt,LAKS,red,34420650,65135987
1271,2023-10-01,05,Stadt til Hustadvika,LAKS,yellow,17548595,40889877
1273,2023-10-01,06,Nordmøre til Sør-Trøndelag,LAKS,green,77378832,152049231
1275,2023-10-01,07,Nord-Trøndelag med Bindal,LAKS,yellow,36346059,74165640
1276,2023-10-01,08,Helgeland til Bodø,LAKS,green,50613555,95032009
1277,2023-10-01,09,Vestfjorden og Vesterålen,LAKS,green,50637906,85621973
1278,2023-10-01,10,Andøya til Senja,LAKS,green,47933541,86567797
1279,2023-10-01,11,Kvaløy til Loppa,LAKS,green,25062570,47048104
1280,2023-10-01,12,Vest-Finnmark,LAKS,green,46591643,89707864
1281,2023-10-01,13,Øst-Finnmark,LAKS,green,3756751,5774489
1282,2023-11-01,01,Svenskegrensen til Jæren,LAKS,green,7309035,7979796
1283,2023-11-01,02,Ryfylket,LAKS,yellow,22862983,45401461
1284,2023-11-01,03,Karmøy til Sotra,LAKS,red,46520413,90877724
1286,2023-11-01,04,Nordhordland til Stadt,LAKS,red,36025470,64099588
1288,2023-11-01,05,Stadt til Hustadvika,LAKS,yellow,17351662,39520503
1290,2023-11-01,06,Nordmøre til Sør-Trøndelag,LAKS,green,72871588,149430018
1291,2023-11-01,07,Nord-Trøndelag med Bindal,LAKS,yellow,36678890,72854860
1292,2023-11-01,08,Helgeland til Bodø,LAKS,green,49020509,94747949
1293,2023-11-01,09,Vestfjorden og Vesterålen,LAKS,green,51890335,89324630
1294,2023-11-01,10,Andøya til Senja,LAKS,green,44406583,81707505
1295,2023-11-01,11,Kvaløy til Loppa,LAKS,green,29342862,45892087
1296,2023-11-01,12,Vest-Finnmark,LAKS,green,44993076,81516071
1297,2023-11-01,13,Øst-Finnmark,LAKS,green,3341983,4124528
1298,2023-12-01,01,Svenskegrensen til Jæren,LAKS,green,7852284,9611038
1299,2023-12-01,02,Ryfylket,LAKS,yellow,21969673,44229039
1300,2023-12-01,03,Karmøy til Sotra,LAKS,red,43177680,85630322
1302,2023-12-01,04,Nordhordland til Stadt,LAKS,red,35481235,64076134
1304,2023-12-01,05,Stadt til Hustadvika,LAKS,yellow,17021838,33345944
1306,2023-12-01,06,Nordmøre til Sør-Trøndelag,LAKS,green,76037213,147657341
1307,2023-12-01,07,Nord-Trøndelag med Bindal,LAKS,yellow,40343628,74883819
1308,2023-12-01,08,Helgeland til Bodø,LAKS,green,49444263,91244797
1309,2023-12-01,09,Vestfjorden og Vesterålen,LAKS,green,52432656,91757708
1310,2023-12-01,10,Andøya til Senja,LAKS,green,41218437,75570638
1311,2023-12-01,11,Kvaløy til Loppa,LAKS,green,27181137,39321968
1312,2023-12-01,12,Vest-Finnmark,LAKS,green,48092209,84602456
1313,2023-12-01,13,Øst-Finnmark,LAKS,green,3139421,3166490
